"y","x1","x2","x3"
16270.1898193361,54.2904594197684,196.24363323415,"C"
18169.4569978051,54.0651871144268,204.141634730332,"A"
15559.5836117442,51.4373859543657,198.786581914133,"A"
16087.9079825638,52.2069948797525,194.490189238815,"C"
16374.3962374947,55.14285999764,197.968666950349,"C"
15757.0184130911,51.0232420150299,207.880569560128,"C"
14392.937625369,45.832326308577,201.966815426857,"B"
17472.2235643844,54.1553540975796,201.380673036551,"A"
14583.9578103004,50.4790609814657,200.731819169287,"B"
17477.5662835427,55.2770576191435,198.226006345156,"A"
19448.7643931676,58.7581811741276,212.882763057147,"C"
16096.8007544918,49.7764476793361,196.373011039219,"C"
13817.6376355679,45.7623050409357,193.373398275586,"A"
15881.35920075,48.6250018456788,205.318243728377,"A"
20055.1153281503,59.255459391771,195.185624196085,"A"
15742.9403592732,53.1486014225815,194.511294693022,"B"
15580.9875813101,49.0210209066592,198.209807347967,"A"
15283.7668882979,47.8451261276414,205.256211841435,"C"
16710.2327516006,51.2715199439464,194.759082900882,"C"
17307.2408175063,56.4471072426538,201.857985918778,"B"
18217.7666748251,57.0944983247096,209.417279014899,"C"
12961.8156461461,51.2165480667005,199.244562813321,"B"
14527.8742729892,46.0498457252762,203.335074935979,"A"
14317.5540129038,48.9933625653278,200.935524603105,"C"
16022.7503810544,52.0211738633864,204.433301358643,"C"
17706.2926650543,57.6309064948627,199.170624154283,"A"
17035.1207561119,48.4230815145111,203.804058712071,"C"
18521.579386426,58.173736165484,202.114219700033,"A"
13346.1316781363,44.9744071647247,199.669628219357,"C"
16598.490862249,47.9935488675777,208.508373501613,"A"
12742.7871842702,39.0673978802206,202.433813289377,"B"
16680.2985418472,52.4232553388805,196.466020902765,"C"
16939.7731466123,54.1438948498302,199.217667202146,"A"
16375.1871533758,49.8696565583078,199.462606368675,"A"
14074.0295197156,46.5868658198552,206.305681808079,"A"
20278.5804683867,57.222418517121,205.77924515111,"B"
14589.599565153,49.9421476344973,198.009418808577,"B"
14601.1455023045,46.6439922561405,203.446608407514,"A"
14163.00908421,47.4644385399793,201.415470214782,"B"
16644.7049402241,54.2624521776172,197.998814888933,"B"
15891.8353144405,53.1811997231142,204.169554385421,"C"
16999.5366265894,52.4811833645941,199.780966504664,"A"
17812.5217013171,57.3574171690284,198.286477583686,"B"
15216.0180238158,52.3610105809014,195.010739319354,"C"
14511.0321024749,49.7196564926029,194.981254240655,"B"
16956.3510966393,56.1926881878176,204.4683942892,"A"
12299.6618265491,38.5163188664516,196.72399947204,"C"
14716.0993154545,48.7305871762602,197.269318104772,"A"
15582.4618572587,49.4225150220703,202.444282440333,"C"
18222.5047734581,51.5729673924689,199.081470568237,"A"
15040.4305142298,51.8074118029621,191.758230248789,"C"
16302.5347011583,56.0618864233307,199.271744949645,"C"
16054.664106277,53.8311586874622,198.998773011021,"A"
16543.2124284616,49.888565584262,206.472512954214,"C"
16099.1769082997,52.041999242038,199.573359415362,"A"
16810.2812643035,51.3645108125886,196.695049356405,"C"
13589.5090798499,46.6848486809994,199.227076393707,"A"
17118.7605703678,53.9192947036267,201.249370474221,"C"
14864.7923544693,50.2484974608688,198.224172544981,"B"
16567.7116072418,50.3736668293999,199.184113874837,"B"
11549.4899428184,42.5264098374775,198.921782935962,"C"
18567.1596755037,69.4257288255194,200.217047032042,"B"
14608.1568901895,46.0448946623532,201.348012311704,"A"
14626.1311743506,52.0782740476723,196.257537220768,"B"
12723.0042416666,43.2381096712529,202.349220694002,"C"
14468.1632323458,46.5904981475854,196.568637234077,"A"
13805.8682043137,41.145987505201,203.54952347629,"C"
14593.8947434942,46.5287326972122,202.564327163233,"C"
15362.8282283786,53.4725641582388,200.12846413845,"B"
12470.0760253023,52.9527345108447,193.41323891622,"B"
13411.0922552232,43.0705682387906,203.020192817109,"B"
17312.5664459073,54.4847967444073,199.968056513741,"B"
15863.5578134294,51.1173471954487,199.038567876218,"B"
15143.6243814691,49.1651867186661,205.521183552695,"C"
14946.4045263466,49.9776642106133,196.767718578629,"C"
19148.5920412661,63.2399802781327,193.576338249367,"A"
16268.8240058593,43.6600585988939,199.932141727279,"B"
12708.125732282,42.238799382248,200.782613959157,"B"
14521.8177566363,49.6342042197595,203.805291510083,"C"
13316.1015803263,43.8571771850326,192.50535442874,"A"
15948.1635055312,54.2828021965898,208.8625335182,"B"
13057.0152786439,45.5550138301296,203.106266906862,"B"
14998.5394820951,49.9217852056305,199.240757784336,"B"
15376.8705425404,53.5992785736505,195.934760757583,"C"
16575.3398905544,47.1597821407868,211.961137641089,"B"
14328.4150132005,52.212105641474,187.363663215715,"A"
16783.3641497454,45.7451525661937,196.330807769803,"B"
16154.6695756076,54.3598199587959,197.048610609538,"A"
15524.3265482507,52.2657678072423,200.245830381008,"B"
16710.5863866227,53.1750864694909,203.540040569876,"B"
18215.205233095,55.8107444260287,194.661680393172,"C"
14072.71009309,56.4133398882661,197.249779611008,"B"
15521.6549292293,48.6234655911173,202.79202233207,"C"
16254.8701112987,50.141432582282,197.166862668742,"C"
14557.7618324493,54.2467134817993,207.940424122584,"C"
17157.5434736221,54.2439270557702,202.628827179848,"A"
17399.7347703559,50.1675528818397,199.644289415532,"B"
14371.3617669906,48.9081467659837,200.818349762612,"A"
14819.7292015879,47.7227326243828,202.284343517452,"B"
15891.5449507022,58.2839837664955,189.015207563283,"A"
18324.4646464176,52.976394446952,200.526193238102,"B"
13282.4120106334,42.1370156158078,198.221363552067,"A"
15339.1794191748,47.6500130740334,199.834212342536,"C"
15569.0955962904,49.3914036509943,197.58284636607,"A"
18026.0377154161,51.719625269399,198.402206653865,"C"
16668.9131388086,46.5802184142153,205.775692644171,"B"
17616.7848032758,56.5834807620215,197.656514741851,"B"
15014.6538184067,48.903703296709,199.31531357221,"B"
14443.7703293402,46.1938463704215,198.559704167487,"C"
16162.957340188,56.7383832824313,197.536570624845,"A"
14139.1911512525,51.453508703507,194.080339362984,"B"
16521.993569723,50.2917371898539,199.808744655509,"A"
16458.8047959357,53.4188573329586,203.599159009715,"A"
16359.019007532,49.3055259517731,201.288158654968,"B"
14620.5418901081,46.2970936915515,204.076550243054,"A"
15586.0486559759,49.8704387821675,202.439509190008,"B"
12395.2247213015,41.8110395420975,203.198905322081,"B"
12795.0672131714,41.0877325656593,201.019628586162,"B"
14210.6272958836,47.2169210704217,200.704227402325,"C"
16906.3116211741,56.7804934842528,193.033945931899,"C"
15241.4061308982,47.6569092987259,203.550473622601,"A"
15802.5808663283,49.5324863022574,200.198405821428,"C"
12287.7583181953,40.336588226241,200.257080024287,"A"
15397.5960349945,49.6346979689322,196.152203851123,"C"
16274.6005157021,51.2946518150835,208.455994568606,"B"
18869.3563378121,62.7655862692989,198.647916456708,"B"
13211.2060782609,43.6314202362162,197.457788918129,"A"
15808.669824998,52.2282070109104,199.305318846987,"B"
13946.6578663015,47.1881886298964,193.821385733328,"C"
15320.4556625794,53.1632143481578,196.301850863009,"B"
15791.8796236135,48.5867028334042,202.218161371177,"B"
17318.8995758703,59.4477516620547,198.051631584433,"B"
14295.5586649698,45.3319675039188,201.39381966772,"C"
16603.0112620703,50.7712239275341,199.911779518749,"A"
14858.2718641977,55.2111486909992,201.472549597733,"B"
13621.8132387908,44.6144516305298,197.725848622215,"A"
16021.0304622101,53.2870169903683,199.677133403269,"C"
16295.0913086461,53.0148649957255,199.354570365942,"A"
15720.3546228507,50.149503174185,207.362768099553,"B"
15916.1646959291,49.5213524287213,205.356684801858,"A"
17473.4818739284,53.9376879752915,203.421575268208,"B"
9613.08348014811,40.405560013344,203.964615017192,"B"
12698.0164329772,40.7547806821933,198.792620058106,"C"
16417.1556625087,48.8879291624868,207.670361208512,"A"
17003.8506905438,49.8109755933978,202.58442350363,"A"
15415.3182953613,52.1749135413909,203.673402244662,"B"
13889.8189811838,46.3498298076614,198.904263837546,"B"
14903.2562104834,48.9295563194934,199.304202945059,"C"
14912.8492932943,52.2792332039725,202.573812432768,"A"
15662.5956843392,50.8575536744357,191.182749170912,"A"
13461.2724074195,44.2951047786341,194.673575477908,"A"
12940.7970669352,39.2795387926297,202.689305048466,"C"
15922.7368545884,48.8806223866373,206.061326746684,"C"
15911.0893191823,50.5042635088788,202.670667400815,"C"
14478.2326346861,53.955630977014,198.749964832126,"B"
16721.4606773286,50.0388459693567,202.684703869921,"C"
16799.2136328189,49.6559087984759,200.068750399242,"C"
18025.475296865,59.7328125035879,197.946380527224,"A"
15841.6630508862,49.3089054039898,204.951434393862,"A"
14343.1168035359,49.2556866908812,200.637447465871,"A"
17199.1005486957,57.6277650814322,195.752471744899,"B"
17669.4221341555,53.8958459354819,193.554840588185,"B"
17287.5539169038,56.6180778293544,201.172466775931,"C"
14563.2902702104,48.4955248194908,197.591002849585,"B"
15831.1599421434,49.3150058239427,201.743907587779,"A"
17619.7356617335,54.3406574765187,198.124679391439,"A"
13894.1610312656,45.8699526744786,201.509031991714,"A"
16010.8022063882,51.0938016016531,202.414764487364,"C"
16249.3559865652,50.6646598294385,205.03176204269,"A"
10013.4111984875,46.7962130140722,187.96213467067,"A"
16303.109927603,55.2402204438052,188.89461408794,"B"
13895.7562757992,45.152330485658,195.189702784423,"B"
15347.7176501834,49.6848235566563,199.504192026438,"B"
14982.9937575625,49.5741453291442,192.30386857591,"B"
12798.8550916884,49.2259611002848,197.020763017936,"A"
12796.780320132,43.7761555365374,199.719535823759,"B"
16779.2472522261,47.8316986522021,200.685165494415,"A"
14983.6124443219,49.2358316696378,198.948540023016,"A"
13878.229830512,49.6861829589288,198.902636908022,"A"
21565.7814029936,64.8879733794339,201.660111081993,"A"
14154.9140711387,49.2268338852363,187.303432961296,"C"
16774.3068917849,56.9871080725196,199.80755406755,"C"
17227.9823621316,56.5149177412276,201.33957644366,"C"
15509.6831373834,50.0899283699324,197.240035786242,"A"
14845.565361138,54.3595909970113,207.82833692829,"C"
14610.0171492787,44.8505867111574,212.812346314576,"A"
15309.6128128189,49.5949887649095,199.004275289024,"C"
15034.6972017306,48.6340012460145,198.165015199061,"C"
16211.4154815542,50.27238702525,205.342209137551,"B"
14072.937310858,44.8136679038253,203.580557126365,"A"
14287.4785942583,46.155729358769,209.193366637267,"B"
17974.3474224549,52.446255032903,200.831173415139,"C"
13679.890389806,41.6239895784244,203.408610024679,"C"
16028.7120033166,49.5832546979615,198.818950194189,"B"
17945.981821454,52.32125948575,194.244616933952,"C"
14539.5490488447,47.7209191786104,200.8106478271,"C"
19357.4641437336,53.9769991323181,198.985875695452,"A"
17154.9432775229,54.6588890892582,204.17843279163,"A"
14475.2116920035,49.0856423240639,197.52566908829,"B"
15551.3124956886,57.0511021668654,201.180642384977,"A"
15643.5668443973,49.7336862319884,198.621062859171,"C"
12908.7630504455,45.6297592681646,200.719366841116,"A"
14915.9415033764,47.2015023635026,199.405774188027,"C"
13642.9634176155,47.3230440503942,194.348015847381,"B"
14588.1398615579,47.7835444590038,192.113688763032,"B"
16636.7981603866,50.7652851790955,201.912196410349,"A"
15199.3076671476,47.3137326337105,199.562085493947,"B"
14103.8782523622,44.7877669816788,198.89834431503,"A"
13877.962516,47.0773932057662,195.199463084931,"B"
16324.7120348492,51.1280090197635,199.862117912919,"C"
15995.64473622,50.1352438559244,198.249910126535,"A"
15963.1285903478,44.023414559704,201.914409674324,"C"
15301.8253895734,51.1342701324959,197.655489822253,"C"
17043.4252964326,53.8534347993089,203.421304004299,"B"
16783.5373586407,41.6094473456785,211.385002748794,"C"
19385.4770449298,66.225258149134,190.506512047159,"C"
14613.8983579022,45.1524142384014,198.429911407192,"A"
16169.7324290659,51.8095434692502,199.481282100151,"B"
16196.4694299506,53.4168184231115,199.716678517869,"A"
15350.904038353,48.7634993892374,194.285834291363,"B"
18135.4220657556,53.4560233242636,199.9881647267,"A"
16500.373917233,55.0565806959665,199.172156697131,"C"
13759.0726258626,43.8650495278917,204.325656113382,"B"
14775.9126329939,48.5625762170696,194.676860209628,"C"
11328.4893035035,43.0990564462774,199.937253529425,"A"
19051.2699340434,62.256427771767,200.826597766248,"C"
15887.8023443753,49.3932770049998,201.235167267569,"C"
17985.6195110231,57.4474481199608,199.781872115221,"A"
17071.9848381526,49.740541387387,209.015502284584,"B"
15471.9921178672,51.5748852327475,196.685985865572,"B"
17998.7965220509,54.1364015592972,194.917143373238,"A"
14966.2118805249,45.5554430128593,198.769606435412,"B"
14431.0693828761,48.3847093567297,198.795850028804,"B"
16132.1043626762,52.5091774079518,194.612317380246,"B"
13043.8607341739,45.2817570719115,192.405632771592,"B"
15122.3907991775,46.5554288120511,203.150609108553,"A"
18175.2813978647,55.3994643759357,200.084100593708,"B"
15638.2823276161,50.7291274519346,200.46769119559,"C"
15727.8820922084,49.7198430243339,198.259233452065,"A"
15569.077743254,52.021929896718,202.389095964016,"A"
15359.9031685938,51.8598395424926,197.522652492941,"A"
17059.4400197111,59.0156146795221,206.988958213276,"B"
15696.2061958472,50.5901324862476,200.450516605028,"B"
15644.6315627578,53.2610094698962,197.4383596441,"B"
17282.2838836393,49.4908541855444,199.425078990573,"B"
15934.0309111261,49.1639249693783,206.345211372697,"B"
15284.3433248253,62.5704835151596,197.086728573118,"C"
16029.0246647074,51.2634320763586,196.484931467271,"B"
15332.4465108301,50.2993405619289,200.877089292994,"C"
17029.8279135383,46.0400798752211,203.023144258627,"B"
16293.2658127401,52.2766918610092,197.431275771777,"B"
11546.9155434253,42.6908734455685,200.205398137602,"A"
16332.453610081,52.7430988930932,201.325521788698,"C"
14888.9950889478,50.0551162044302,201.141488396713,"B"
16755.5968867986,59.0581374350514,202.156145872957,"B"
13684.1347921223,46.9110592157403,196.041190924615,"A"
13517.259637019,35.0241536908658,202.285049024387,"C"
15355.3703979804,50.0486714225258,199.637330889242,"B"
14435.4109806003,47.0613846530723,203.038455955079,"C"
16913.114569385,54.1563285956342,202.151462875169,"C"
17141.8990539143,51.864237687112,205.006816629167,"A"
15686.7813828148,51.0483203546453,207.104230007688,"B"
14377.5530439401,45.7693649565792,203.681350119565,"B"
15659.2455043588,48.6044382704745,199.662052800827,"B"
14443.0991525896,48.4816512986829,209.489084081926,"B"
14277.9479920614,48.621793886815,205.259860989279,"B"
15480.6782957671,50.7035003649134,200.820777268287,"B"
17768.6188897177,56.9006832495874,202.366541433025,"A"
15617.3595312873,50.4902223058612,197.322026973322,"A"
12498.3383486601,41.0443379113516,190.851762783044,"C"
15794.1490476928,48.3161704641431,202.713883533863,"B"
18419.3517003712,57.7055456979975,200.556780293467,"B"
12213.3991709065,39.4296536912896,202.720985595413,"A"
15240.0526496513,50.2959093430381,191.61234797402,"B"
17305.3880547971,47.0800009546417,208.192483427223,"B"
13844.9201539345,47.3694031603284,196.183808417398,"C"
18230.4713775136,59.0060683956854,200.983620087903,"B"
20104.637492829,63.1283318011697,201.903795030546,"A"
15327.17819357,52.8445806411646,198.448531718697,"B"
14739.8120328838,53.9480633931158,200.570246636259,"B"
11496.7667932261,37.8759063399116,193.021717943308,"B"
13823.8904277609,45.6679113337598,198.916423328656,"A"
16861.5501768721,53.6776608784673,201.31118507728,"B"
15674.2774283941,52.3573098227091,201.515156882419,"C"
16355.7449531569,48.4574593088955,210.360368639588,"B"
11659.7117722072,41.5464347353349,202.36449749686,"B"
16875.8281828256,52.3096027485403,197.042406016551,"C"
16745.1954975691,52.6418529161308,202.084617307189,"B"
16204.8658564352,50.9153089697099,198.767237313106,"B"
19434.6966161594,55.312587563075,209.14099033643,"B"
16764.2957895595,52.1307966722042,193.689913636415,"A"
14748.1342464862,43.3343027771528,199.324318253705,"C"
16382.8844678522,55.5908002035396,196.709487016276,"B"
15400.3359689198,51.3788971720134,199.077545355791,"C"
13567.940391115,51.5202176335396,189.131894102261,"C"
13752.9077708811,48.5916155118668,191.075345030741,"A"
14792.8126279494,52.9389671906459,201.299142879944,"A"
15957.6880828862,52.0853396500011,198.312891622334,"C"
14403.0279524027,48.3142097746166,198.641939776352,"C"
12994.8559551921,52.8538462694579,195.166751452482,"B"
16073.6416907005,49.2638772468861,202.874263722236,"B"
16706.763131809,49.6698895891929,203.183564642999,"C"
17083.1047630834,51.9481707667627,204.734367035079,"C"
14053.175888256,48.9104427632321,202.313503314991,"B"
13470.4616330655,43.1506200970735,190.280184485127,"B"
15374.1485780559,51.2812311954047,196.732576332287,"A"
17353.1074750713,55.6095789351628,196.378692013958,"B"
14924.2123812459,47.4468491292812,203.260531508387,"B"
15460.0656526718,48.7201280214578,200.702550009345,"C"
15016.7868257629,50.3600159359368,202.894043147649,"A"
18949.4331979084,58.1341424474215,193.210365421313,"C"
15916.0985024031,53.0396792419268,193.949729416526,"B"
15920.7678884411,52.0258440751154,196.873552802062,"C"
15117.7315173237,49.6457575330134,197.240840361737,"A"
18957.9753477187,53.0041674783234,211.280014599204,"A"
14577.1826540335,47.7695356485681,201.385245098734,"B"
18585.4665262959,53.6640146506508,204.370279403672,"B"
17274.6521279719,56.7059271649099,198.69485063306,"C"
16123.2958609639,51.8916352952547,204.455637371286,"A"
16046.7012616133,53.0601264327595,210.574559915487,"C"
16629.3989435102,57.6861803611634,195.799803833568,"B"
17106.0832038804,53.4641038597914,197.862099733485,"C"
18370.6849883283,59.214781838159,204.827670519774,"C"
15060.9111108277,51.7697786533375,197.181635577125,"B"
16915.3969284968,50.448724652221,200.417190293718,"B"
13820.5051960359,46.8693504557854,200.181163767741,"A"
9958.02211764079,36.9746394963306,197.223995631747,"B"
15191.7883965582,47.5875565530121,203.287645191663,"B"
14412.1580351665,49.3149996848685,202.164380183045,"B"
15919.3217709087,43.2327409765761,193.772636366252,"B"
14978.2897718387,51.0404558002863,207.625512077455,"C"
15694.0028022235,49.502758303226,196.217181226848,"B"
18525.4920562779,58.2717652555394,200.638146901312,"B"
15449.0750147777,52.2524930465602,206.7777852056,"B"
12160.4039318242,40.2302612976536,195.81536639245,"C"
16304.2924416465,46.7841017028425,204.926159581716,"A"
11887.4096046406,43.1144114627948,203.813481954403,"C"
16431.2613121127,55.4312514810802,196.003885386656,"B"
15872.3542316588,51.934415608002,198.216758493586,"A"
15458.2645492382,50.3435287296246,194.868141228037,"B"
11924.2532397699,34.7318673735325,204.848977012455,"C"
15504.6573880158,47.6358705153279,199.664148034368,"B"
15819.3125378988,49.9010925809472,201.904544327211,"A"
16411.2554798697,53.312175780454,202.461039881775,"A"
14511.3364190131,46.0522744115443,197.722072283274,"B"
12601.3103321916,41.7524844605228,200.39748943813,"C"
12412.0141207624,44.6691101860966,198.799781122103,"C"
13419.1751440694,41.7227942668193,200.935938104444,"A"
15134.8661568354,48.6457629653961,202.33178970379,"A"
15195.8881109831,48.4418433451234,201.987715549629,"B"
11217.6162278949,38.5962915698443,194.665038237464,"B"
18936.9983349776,56.9027704122137,203.556320723187,"A"
14835.8720482716,50.8339644260977,193.788071973189,"B"
16763.7039872743,49.0408738710548,201.609731621736,"A"
15958.0147343886,49.4566494642125,196.511570485389,"B"
16075.2933241939,54.0428246657703,194.2768540385,"C"
19999.2112402329,60.6336754685985,200.145340807558,"B"
15604.1789055967,51.5094986394295,196.89825328128,"B"
15465.2771944099,48.119294578309,200.777197688754,"B"
12479.8549966547,44.6746468447744,203.883057710122,"A"
14582.579493903,45.6038714371762,194.498168914981,"B"
15644.3659726298,50.042714284698,203.711287944325,"B"
15484.9792051866,49.760713859249,201.088686734645,"B"
15832.269427942,49.0163199631689,201.339858725734,"B"
11964.2930168977,47.766993072168,198.208739540295,"B"
9669.82171484326,33.1478915820431,200.061399464137,"C"
15257.4296091084,44.6969230955839,198.760228398319,"B"
14488.803338373,47.2891192410673,199.073773760527,"C"
15510.7752780434,51.4691965671243,205.676055794674,"C"
15830.3612150334,44.518433792904,194.294371779854,"A"
14013.1122577561,47.0041665681337,197.682371669168,"A"
19915.0687337411,62.9566478346215,197.997574118004,"B"
16744.7678772278,54.1181245791062,203.270628299384,"B"
14617.7519968932,48.8747960924291,200.495723239018,"B"
11680.8328690085,46.2534599190707,203.063433013952,"C"
18659.7626205708,54.7055209831931,200.191166563987,"A"
16225.9159719124,60.087702201399,202.758212423742,"B"
14653.1191448147,47.7408917079898,199.986523401398,"B"
16082.5326851667,49.9868455619025,200.159289933073,"C"
15136.0256727124,54.0710362046113,202.167190578802,"B"
18465.1114341818,55.2206751896186,210.803143333892,"C"
19143.8224115275,54.0328213826552,197.861844566793,"C"
15891.2353098906,50.9390051636324,197.834491107118,"C"
14679.1271008424,48.2144744549986,199.995213426203,"B"
17072.4659681228,51.4325168034894,204.602864769237,"B"
15025.3820759848,52.0239875893551,199.6842074944,"B"
16070.2098402342,57.4069061155239,194.602918649963,"B"
15586.2046060857,50.6819150201532,200.890928195089,"B"
15272.208713915,47.6179360400051,200.205506734264,"B"
16168.6898321556,54.1455634376416,196.176261667468,"A"
11370.0904655293,41.7157877104824,204.723464059385,"B"
15376.1286091905,56.7075562591278,204.053768686549,"A"
16638.4857172875,53.9116218588132,200.678287055011,"B"
15391.6929389451,49.0875080051845,198.727656528194,"A"
14351.3137383805,43.2357973909187,201.133096829393,"B"
16427.9310095785,61.5192858163833,192.492213532581,"B"
16229.3179669033,42.8753898689704,205.9285729802,"B"
14978.4709324185,49.360808134138,200.299276093004,"C"
13940.2002901396,50.2496064963801,199.040355142646,"A"
14183.9150649684,39.648668740632,201.661864365782,"A"
16330.4820249942,50.7290197740658,201.743349645192,"C"
14723.9854998873,44.5084405083384,193.599513788197,"C"
13058.8307959016,41.7726654434143,200.664756727104,"A"
15330.9348171296,49.2124931348797,206.112103136944,"B"
16301.0372164052,44.1053233665146,211.802915777264,"B"
14966.1174063885,45.5100179533238,201.326481259626,"C"
12167.0915317871,39.5237820785878,199.058686551315,"B"
14154.0111086242,47.8560679527202,199.136406378819,"B"
16503.9485177491,50.0420499393327,200.513543079299,"C"
15336.4991546139,48.8559035486976,200.011779504532,"B"
15349.2994345117,41.6980877101359,198.486742402637,"C"
14230.0413405974,59.025302799715,200.357399766008,"B"
14854.5362077132,49.3746425099713,201.97007591348,"A"
17699.8788973153,53.2232190626028,195.219825526358,"B"
15891.7957907231,44.976280422287,201.319552080425,"A"
15058.1487867941,49.6508723309751,201.350907784449,"B"
13188.3114684027,45.9537190434845,197.631759315019,"B"
17529.0081530985,55.3250759043135,202.631850651156,"A"
14787.5136228064,49.4834749263132,193.572764066759,"B"
19830.2437601824,55.2549897920866,190.927531761924,"C"
14354.4498503261,47.0360771485153,196.648592612369,"C"
17000.3186204857,54.645728211051,198.13342209857,"B"
14579.1951973861,46.9133887818798,199.339147193749,"A"
15296.7106794899,46.9428607607656,203.659142113475,"A"
13131.2213461613,47.6249657768931,188.950884653408,"C"
15393.9961248478,54.8666758213794,191.558818534167,"B"
16514.3146425654,47.2723988022794,197.071313332362,"A"
15534.1766230525,49.3701143388616,200.133012162946,"B"
14976.3342043989,49.6741178191052,197.110196980231,"B"
16983.9323191874,45.8377095956684,201.428868600826,"A"
16075.5766076177,48.5321855582901,200.513748676444,"C"
15776.874948601,42.1883066480257,198.74095651886,"A"
15780.7404967948,49.5654542304673,201.067000734853,"C"
15789.3176880363,49.8715752094094,197.63446763939,"A"
12337.0878101207,48.0029050048188,198.870366878948,"B"
14554.464248316,50.2576519015544,194.309900053517,"B"
17720.4702808321,48.5007032876452,200.887951859535,"C"
15893.7766853737,51.5227389667657,196.937844960506,"C"
15802.2712911865,53.0288294800646,197.525047006058,"A"
15752.5570300175,58.5914085447191,188.781735328211,"B"
13788.1014324812,45.3871575437321,206.969096299209,"A"
16103.7532156015,54.170304143148,199.970651788316,"A"
15856.1397083665,51.7195117581811,196.781448489631,"C"
15459.087289555,51.021657022204,197.30242372344,"C"
18462.8624830798,49.7592051537496,202.837535999899,"B"
15366.4195600753,50.2989872664599,203.455761263596,"C"
19170.5147542005,57.866188537708,204.983758582901,"A"
15460.3865726259,50.0835832051011,199.559490334665,"A"
14538.0500169182,50.4497465121965,194.356112414499,"B"
16193.1391672731,51.7248590119269,198.582010391252,"C"
16637.0574152763,54.5489129236092,203.564898458404,"A"
16792.9011924109,51.3566184473724,196.519203627616,"C"
15342.7848449323,49.9618148505355,203.717725786454,"C"
14889.1975486931,49.5545443569428,196.519258389748,"C"
14824.7044442757,56.998921773468,196.028792282546,"A"
16067.0269478226,52.3829714680365,198.397322363973,"B"
13598.9730983673,44.5510003748061,200.559954408599,"B"
14769.4931141811,46.1922379370619,201.642911870312,"A"
15099.2259507078,49.4324314977065,198.071200195475,"A"
13543.9173403369,47.6421158675738,186.957040580915,"A"
12868.3942197376,47.8485270511536,199.688381182906,"B"
15250.1338368965,47.162596274377,202.817227941225,"B"
14191.8057411918,45.5602282404958,196.818049927078,"A"
16383.9100581403,51.9633300384265,195.309061858207,"C"
13044.4899559933,49.5571049708393,193.979940633015,"B"
16361.9404834557,52.2791168891951,206.247389080278,"A"
16322.3280781875,47.4320814722762,203.569707609904,"A"
13398.1244306359,40.8554772311971,201.71350571753,"C"
15783.2741219204,49.755384798723,199.980695892634,"C"
14765.0251047743,52.8490962102651,198.243546793195,"C"
17638.6812779078,54.8168596110325,199.568630308543,"B"
14178.9822310241,46.12760421455,200.366685490507,"B"
16123.9084381508,52.780871183683,202.830879839221,"B"
14468.8726253284,49.5114231749042,193.934556096733,"B"
10676.5181832733,42.1662238936204,195.753013381026,"A"
14720.1311655066,50.4365805616661,202.25351577769,"C"
15194.6123726128,49.1914659875466,199.50462611917,"C"
16754.9987694668,53.5051615696444,200.51310914859,"B"
16871.8018832026,53.6505156135225,197.046920275068,"C"
15545.6136763666,50.28996990283,197.672090819968,"B"
12968.5005540505,45.6443363349875,192.045188274892,"B"
12785.9977253044,44.6405056127007,208.307806984475,"A"
16600.1147951243,54.3043033430015,198.950225863624,"A"
14741.9201684191,50.1966848198508,198.316487878974,"A"
15133.1288101797,52.9250423366342,191.733330158648,"B"
17537.6734922852,54.6970121731052,208.869804027182,"A"
17471.8127112432,55.5738784415364,201.351778700871,"C"
16036.1458721137,53.0126997686887,201.633162474436,"A"
16391.6343174791,51.5398258559672,204.397790560573,"C"
17216.0785294081,56.196901839102,211.539006080902,"A"
14072.1391368357,46.9063946012314,193.797189730714,"A"
17603.6382756345,56.5432392085515,194.085306219044,"C"
15859.8861027716,50.9937211902898,203.177186334766,"A"
15777.5455680347,47.583508324878,204.36536062692,"B"
14649.1246174974,47.7996462778408,199.731855400813,"B"
16894.2132058683,53.4866746733014,200.302206975093,"A"
14279.0998446637,40.0158484207872,204.246178305104,"A"
15327.2292415869,50.3531064021666,199.530825498924,"A"
16191.7027440631,49.3930226311077,199.223968691176,"C"
14418.7154999291,54.321924269867,205.667797187256,"B"
14538.7477512465,44.5890064695722,196.925385614357,"B"
13183.8672198985,49.4597181157462,196.88743468265,"B"
14636.8766209934,45.3194309036252,203.582669363112,"B"
14553.5222045897,49.6207830428339,199.927991812382,"A"
15032.707821392,55.8134342110603,192.290052653271,"A"
13256.6340774975,42.486243528239,202.268049419349,"B"
13840.4696176923,38.2056567447608,200.334259733748,"A"
17468.2432722398,55.9391157123341,201.455273920206,"B"
16485.6094462335,52.1419838236533,200.569411050856,"C"
16644.7764786049,47.8635367179835,196.563572046939,"C"
16532.528932815,50.4845313558149,196.048665771421,"B"
15521.578648623,46.1353356393114,202.435680820282,"C"
16283.8675393315,52.5573625118859,194.939612541354,"C"
15824.9053234999,50.2821926064415,198.376241133045,"B"
16774.9594504599,50.1429594568146,208.783937025189,"B"
18301.6781788804,57.1098923863936,195.183895293545,"A"
16262.2858492418,42.3318879289988,203.251250651761,"C"
14054.7103707195,47.3092191175876,198.07817652364,"B"
15798.4785871456,49.2753081122391,203.261147704909,"B"
12635.9843338715,50.6043745398787,187.98298718064,"B"
13389.7682638089,49.2268129772979,198.041718056898,"A"
16978.7419670096,55.283144559121,201.324444607472,"C"
15785.9973007759,49.280804307026,203.656239854085,"C"
15355.4535555839,48.5605200133249,205.62406342286,"A"
15709.2588534558,51.3147014253183,209.735003163646,"C"
13869.5869844169,46.3810644136038,192.238780726686,"B"
18553.4431954144,51.5427218750882,201.107147082977,"A"
16104.3417789156,52.6551357666696,197.582551012723,"B"
15822.455924648,49.862948437223,201.612063227733,"C"
17850.4781858684,55.8462133191016,198.970662213413,"B"
16643.6182044098,49.8597656323679,201.646031830821,"A"
16024.1201909289,49.6981898981044,202.878568065889,"B"
13844.4082818715,42.847172420511,204.004517766565,"B"
14942.3711705804,52.4048711188647,194.46913564009,"B"
13945.3493878172,48.4459630517009,207.791832793127,"B"
15100.5844626358,51.2852550907896,199.591278614486,"A"
17802.375458123,53.8846966161291,208.604156779662,"C"
14758.5608261775,49.3359681931442,198.843052326174,"B"
14581.4408797303,47.5461102010612,198.809490644045,"B"
15274.7180670548,48.6473479102161,201.024107790857,"A"
17478.0429522243,52.227333812425,207.907506802732,"C"
16743.0346163636,46.7815061347507,202.634597147028,"A"
16200.913147941,52.6011992416852,200.381091057324,"C"
14657.034353478,48.5006200881242,195.188230624424,"B"
16670.1380242173,52.7052601651193,190.870892040946,"B"
17020.9915337394,53.308256977906,196.651383069857,"A"
10323.5028065732,38.1831665148923,203.673313117349,"A"
17364.115865864,58.5053086380796,200.063900509421,"A"
16551.5551125348,50.7647672558832,198.721812174907,"A"
14528.4853996353,48.1557239339837,202.189004174509,"C"
16206.6554758001,56.5471588359374,204.742370719955,"C"
14215.7538197735,48.3309971114987,203.307866122771,"A"
13307.8805464755,43.6662245192458,200.740701474018,"B"
15261.9910621044,48.2494866201628,204.706731040171,"B"
16393.9396529715,53.1763047569398,201.016312620338,"B"
15459.906243902,47.6538420249336,206.300562986385,"A"
14876.9630259964,52.8073871016035,199.27186112729,"B"
17081.0132755616,54.477127985352,202.812703352235,"B"
16249.2179926361,50.0815048215193,201.512392526842,"B"
14941.3330114279,46.5790176581223,207.613019075714,"C"
16134.2894646091,55.2300848879541,198.632671524735,"A"
21558.3153900524,61.1864157799858,204.834808809286,"C"
14843.3704461597,47.0360827245885,200.337239194032,"B"
16307.1625079875,50.4849479593555,201.51490881899,"C"
14977.1754485508,46.4831232088622,198.088883871477,"B"
16528.2923119086,53.554438531417,194.487906679383,"B"
15010.7865264287,50.3943373794586,195.105550507331,"B"
15447.7806302277,49.3238149299284,199.297111491749,"A"
15055.1290353983,49.9322461218751,198.038609032942,"B"
18813.3546055421,47.2774136973502,201.47409686633,"B"
17023.534938924,56.0563137102257,202.427265373682,"A"
16538.659938934,47.2035084246986,196.561108206835,"A"
13641.7666815765,44.176458367598,198.175039514285,"A"
15760.5555021263,52.1879641246759,200.089230933419,"C"
15247.2740310596,48.8892385970094,202.568165998623,"A"
21400.6249192905,65.026822433265,197.581237884496,"A"
13998.3941909399,46.5353680858568,197.929588452392,"B"
17812.1821458632,57.5014151453577,198.359794152228,"B"
15177.6344918103,49.2335446617735,193.649050452565,"A"
16666.4210198857,46.5565300928164,190.654820052619,"C"
18786.3854118368,62.2687431075589,198.189449041035,"B"
14056.7644163437,48.3209358946087,202.69887597635,"B"
14858.320137304,48.8411231385024,201.103494894742,"A"
14300.4365510942,47.0232779130948,201.818137932676,"C"
16323.1682839228,52.1770998181202,203.036967025352,"A"
15262.4433734753,45.0719920851193,210.87217340517,"B"
13794.1427589519,38.3946738689182,202.023769964164,"B"
16459.6211276523,53.2823847663758,200.578815540417,"B"
16219.7843092488,50.7962935702746,200.099767726064,"B"
16798.6261729994,55.0330887343015,210.919716468154,"B"
13582.3422582764,42.5945845597957,201.948774215515,"B"
11673.3513974077,34.7024478864051,196.672329274412,"C"
15376.8954186663,51.1537636275364,200.835707415773,"A"
14519.3729951834,49.0876489966507,201.831235000033,"A"
12626.7106234322,45.2865887188913,201.041798222192,"C"
13742.442217026,41.8140729168184,203.535851532713,"C"
11240.0384873194,38.8608818289496,202.331181687719,"A"
15019.6081299794,46.8074623154461,201.321329362242,"A"
14471.462956552,48.0546108264621,198.101626099609,"A"
16930.0560287823,45.1969395888519,208.452928120052,"B"
17268.8843855603,56.4655068854369,198.649516607906,"B"
15445.2866695143,53.5824765785935,198.018851259136,"C"
16460.825272974,53.5931354950749,198.633749988358,"A"
14992.3073892092,49.9479298177469,198.011668745138,"A"
16145.6443032091,52.7349548003834,196.01957610424,"A"
16512.7888132825,52.0114586919145,198.07642477144,"A"
14080.54945791,46.4650812146886,204.415751219741,"A"
16404.7084884629,53.696563897546,201.436671218012,"B"
16770.1847188558,50.5635088451483,204.900195747293,"C"
13152.0413551834,55.9804750129369,211.013821786199,"B"
16846.2518537589,54.8052555578463,206.693426768114,"C"
16852.7186912956,51.5004582439622,201.46468451097,"C"
15294.11362537,49.8984028015298,197.578461732159,"B"
16629.3389781536,50.7338363103181,197.667750157804,"A"
15687.4389100774,50.9297382851143,199.963375698359,"B"
13706.9734209538,44.0245373342157,197.484611102182,"A"
16864.6247162248,48.5895426496943,200.873779387638,"C"
15618.0170065186,49.8016596808215,198.993809664816,"B"
16547.9872277911,50.5803987526738,203.33877542387,"C"
12559.9767117446,47.2779588185175,203.241332262121,"B"
15155.926240951,51.5645695641723,199.500791729348,"B"
15512.5362427336,49.3659256852257,197.978612679109,"B"
14910.6210916575,46.2187045742419,202.113558053397,"B"
16829.2632181326,51.2710203276416,204.00804753364,"A"
14045.7059272688,42.0092939051419,196.407317452559,"C"
11812.5076227367,36.4627785901947,189.47657674182,"B"
14495.6703213306,45.7715993900347,195.289625057498,"B"
16797.5862419008,54.4032351265305,197.319678023694,"C"
16756.4727955494,51.5470643230607,201.18159595548,"A"
14414.4165120161,54.1134886545413,189.366932256375,"B"
13845.0012898209,43.8997011557431,199.979581013771,"C"
18313.2395441975,57.9460366280806,203.453660357727,"A"
15311.7861057916,48.7553027448875,196.390377882335,"A"
16240.0739170015,48.5233008741401,203.620637934201,"B"
18200.5637403298,51.5761130817829,202.744598241586,"B"
15375.5734637045,53.0393705721035,198.011796010149,"C"
10918.3119216318,45.5625523234263,203.480769863477,"A"
14682.0500660722,47.9525599352074,199.003138245006,"B"
15418.5965604899,48.1969228035051,194.928237258927,"A"
12674.7843290183,47.3539775537168,198.286613981558,"A"
15189.6735722685,57.1501054425124,190.710029289372,"C"
15665.9636045587,45.4905828662694,202.172200262974,"B"
13996.1393900971,44.0317096595402,203.063868649184,"A"
15015.271519214,49.193524156773,204.097303442456,"A"
17930.5528951153,51.7129165055579,195.083287742675,"B"
16832.033325162,49.5507046972404,205.70727364252,"B"
15785.1151835563,56.6879298323861,199.748243418437,"B"
13310.8720067346,43.7354820650508,200.240190553519,"C"
15569.9493393487,47.6804628500784,205.212719281896,"B"
13155.0294590938,42.9023220145003,200.069577976376,"C"
17533.9846988404,55.133599180383,193.768260903833,"B"
16392.9718420229,53.761885402724,194.737389267194,"A"
16087.1978772678,51.9193886118814,199.947167271712,"B"
16285.3757892607,50.0555901641987,206.461190041519,"C"
15547.3161703868,40.2334032782105,201.790208001034,"C"
13757.8325028913,42.4413386657047,202.815233234233,"C"
21222.3951231017,59.4162734508774,199.214740487251,"C"
17195.1557495191,57.0354891167104,200.636015767899,"A"
13882.4446663657,48.8216724333604,201.988476325989,"B"
16014.2890256745,51.7426058646746,199.541979183775,"A"
12306.8334082523,37.1125644705085,201.308770682427,"B"
15874.8619985165,54.2858574076089,205.915130540114,"A"
16141.2450117004,52.4706681278134,197.244815237566,"A"
15813.982993052,51.711988559536,200.835116322146,"A"
17330.9847664209,53.0396904633966,199.993688894507,"A"
11597.8362680052,35.0108785840732,196.972907471022,"C"
13696.284312162,44.8914315629506,198.980453936141,"B"
16179.9143211165,53.9570306993737,199.049018959201,"C"
14422.9447266162,50.4509951789651,196.908926385059,"A"
14815.7135051296,46.8804131789454,196.254767975377,"B"
15592.6097050113,51.4524790668992,198.996968246588,"C"
12408.8709972203,42.9929844818142,201.902853216992,"B"
15871.0112308076,50.2250993440742,199.080889289316,"B"
15272.3632478655,50.3599588080707,206.334181534961,"B"
12956.7782230056,48.6550981973425,200.911375003387,"B"
13746.5240309547,45.5418189920471,193.632254539121,"B"
11612.2646250751,44.4592917335151,195.097176084569,"C"
16496.7001856481,54.1778360663614,200.283621116032,"B"
15066.0253162416,50.6670536407008,201.03331380697,"B"
15058.8062176205,48.9090418432634,208.515099609407,"C"
19143.0738138808,58.5929464986571,208.034065656983,"B"
16942.7375874113,46.609712470376,196.036390586522,"A"
15525.9786624002,49.6027015733892,203.673875767976,"B"
13284.0860432431,46.4682874556178,190.792342628037,"C"
13237.1948159151,45.2278134621393,200.921597959875,"B"
13488.2022060863,47.1455317930575,198.098082870691,"A"
14631.3409615705,44.3395128383773,198.699649936853,"B"
17122.955762402,58.492164707681,200.602761880523,"A"
14971.0259928132,52.1547216383891,195.402299019111,"A"
15329.4493222366,53.0985466801696,198.74545799092,"C"
12550.6116775344,43.71369011208,196.016927870069,"B"
14006.7233957239,45.6393510078823,199.291320002797,"A"
15017.9581848479,49.506845430115,196.061893948439,"B"
16756.3681743444,52.8655594041471,195.673445029762,"B"
13448.1547451596,50.4283809890893,194.278024005827,"C"
11674.2917271811,35.9327380497971,195.571223946475,"C"
12847.3884467248,46.1592297378038,198.361339791017,"A"
14971.8256108009,49.059293585808,199.662119374819,"B"
15648.963699565,48.5339211908631,208.323701988631,"A"
12607.6197254403,51.5667334590539,198.36684931484,"C"
11535.308946556,41.3919892729372,195.539764137838,"B"
18791.899665521,56.0553323288478,201.713472128551,"B"
17221.333904667,57.6501497338605,197.338973041422,"C"
16608.4904157588,51.740870326084,198.814769426012,"B"
16430.782561165,43.4518131527893,202.140244867357,"A"
17793.0970944683,55.4612524734396,194.740264004495,"B"
18208.0038202664,53.866580900792,199.219162632191,"A"
13723.0138619873,43.0994472393509,202.743313399763,"A"
15146.5716307849,48.0628224453986,195.862100723177,"A"
11255.2737940503,38.4246359937663,187.277053481788,"A"
11842.6933433628,40.4287845814494,199.352779301017,"C"
18921.5838359565,57.1786132363702,198.145666657988,"A"
15262.6262477715,49.193780722126,198.510587801382,"B"
15528.6870608749,48.5189003460529,194.376277137371,"C"
14476.2393575716,51.8046755304072,191.99043269647,"B"
16613.1814736778,53.2690255257518,201.944692917465,"B"
14088.2638161893,49.7801787072989,199.624548222254,"B"
16897.6741719007,55.2796029394132,196.461367211593,"B"
15240.913085666,49.0025750901247,199.810912294045,"A"
12398.7404179475,47.1059383092297,190.425862158897,"A"
14377.9693230907,48.1904297732282,194.050968586372,"B"
18032.1405938967,54.6890026720884,203.292936950301,"B"
17276.018916251,55.136328628442,199.721627131743,"B"
16179.7408096849,49.700165892792,205.952236693584,"A"
20024.7073766392,61.608772385844,203.676312003377,"C"
17223.0213913535,52.0192026253276,204.143689907416,"B"
18937.3186596821,50.6659552876113,200.743052654823,"B"
13143.0541819683,42.4055193334308,201.525698707976,"C"
17086.7082101949,51.2896957970672,202.084043993048,"A"
13755.5934477372,51.6633136634055,195.260365817419,"B"
11872.1759917967,44.3143294567269,188.411921622778,"C"
12001.4845677308,40.9996684356317,198.892534703136,"B"
14812.7612067081,46.7892623625899,202.261193013628,"B"
14397.5615902521,48.2640609982561,200.451074731113,"C"
13758.5024680961,43.0390982784237,199.441015425878,"C"
15441.1069109351,48.4271588617199,207.774370590135,"A"
12968.5530733407,51.3222132958323,199.870577596676,"C"
15736.1507953782,49.2723691300792,202.823169367465,"B"
13835.7758791435,48.4467113769892,200.152424159329,"A"
18626.8273876548,53.1642236920667,194.069485374276,"C"
16423.857335406,56.2996576832151,194.143864073016,"C"
14402.7191064262,51.7575954020675,199.113170741108,"A"
14578.9126608667,48.2322235114116,196.306426420243,"B"
14556.7632493294,49.3543996204101,198.10626233494,"B"
13254.3429136761,48.909586594502,199.791069977631,"C"
17278.3982241783,55.0474637529618,199.808863543291,"C"
19957.9068945466,54.1145198747264,197.335000839626,"A"
16019.6806621607,51.753920283248,199.60270226531,"B"
17101.8749291181,53.7553517185626,207.950159885737,"C"
17786.9265390038,57.3837063279146,194.837137277259,"B"
16340.78803659,56.0825168906127,196.426107853686,"C"
17097.0224343371,49.913002003696,198.645106409781,"A"
11917.7076933811,39.8083864830066,202.156839772277,"B"
16271.8920144778,49.964814282047,200.440706782872,"B"
14831.6672385375,52.8435833091955,196.110309119944,"A"
13811.9026487955,47.0235845261765,204.960030572143,"C"
10787.3056596713,43.6619584089263,199.961168505995,"C"
17612.9611104399,55.339439654134,202.309369239946,"C"
15452.4727647573,49.2367869569075,199.002171442165,"A"
15775.5335945033,46.8884021992588,203.61438041651,"B"
13931.414803421,46.4920667284074,194.001517345078,"B"
12519.9936534387,45.5826551016283,195.549394949672,"A"
16726.3322854368,51.9248066368702,205.88249106032,"B"
16234.0839817647,48.5507365291805,196.932008240249,"C"
15875.9287976462,54.9697837940244,193.242516634333,"C"
18832.2755575558,57.7141507186101,204.877059179034,"B"
11769.9933707498,41.9416258463917,197.506916094155,"B"
14444.954122765,47.2556517152644,204.027570962185,"C"
14140.8513432581,48.1257937541348,197.325245773175,"B"
16044.1619146422,48.9860205770908,203.39692181259,"B"
15949.6623769357,55.3527984283895,192.066717933121,"C"
16694.0018873107,54.5881938488735,198.94219018247,"C"
15160.637603465,50.4665073004686,198.350364407309,"C"
15473.0410433721,50.9897406710517,198.855052781039,"A"
15802.0530705643,50.0638272971314,202.657275613849,"A"
17372.5476725467,56.5490548140925,204.354839681297,"A"
16604.7495006239,62.1985633925751,200.862905308174,"C"
15457.6259934039,49.8326309040833,202.546102109811,"A"
15977.9142311263,50.0697037378865,200.283725614525,"B"
16034.6744660405,51.0626056944894,206.064534867861,"C"
15567.3393754487,52.3019612061378,188.420263844309,"B"
14314.69953262,46.2465809282681,200.022461520293,"C"
14602.5527538101,45.0301685872842,203.291003576161,"B"
17382.1317964446,52.4213403105638,204.363510902408,"A"
14468.0094572807,47.4595444329241,209.681646930867,"C"
13840.3594945258,48.2767105809688,197.398266998623,"A"
7972.73495305426,37.4030698913378,202.818161788256,"B"
13563.0350244568,44.8874636342631,197.585563346279,"C"
14091.1865417489,48.0658662361502,196.005015855361,"C"
13310.0370199942,51.0866525349627,195.610864322004,"C"
17127.395876116,52.6004413053369,202.004484764329,"A"
12373.0147871568,38.4046977960424,199.603176421512,"A"
15728.5736008215,51.1666729928368,200.731367214462,"A"
14771.8691876064,50.8037117196584,200.19474046037,"B"
15096.8877322277,47.4383379511713,204.567026594179,"B"
15215.8219404591,52.1949383503755,193.995207102808,"C"
11967.5905697024,44.0999354592333,201.120921066556,"B"
14740.2533225862,49.4484499308976,199.490095701834,"A"
15712.6279752027,49.6432351027925,195.003569878847,"C"
16399.9561605693,56.6519314543887,192.408649468621,"B"
17757.1499746406,54.4493384073162,201.436329954852,"B"
16086.7741970895,50.6309796252647,195.790907638458,"A"
15634.2173057272,51.6403290897138,202.094254378605,"B"
16186.1908369773,51.7861327708021,200.093554505312,"A"
15209.328526165,48.7352626778776,205.86653533295,"B"
16333.7166325661,54.276182064874,200.616006648703,"A"
15540.3271553681,56.9378901091236,199.325325141039,"C"
15052.0849019783,49.9841702319762,198.877202130558,"C"
16458.8908320247,50.5403163145174,198.622117901335,"C"
11830.442098701,53.2490201403433,188.651015626766,"B"
15844.1593901207,53.485430853064,197.295747998072,"A"
17554.2142609242,49.8439574405681,199.782321312669,"B"
14959.1769879869,48.0053671772171,199.346331301519,"B"
16021.2241000538,48.5711198437878,203.368277984667,"B"
17235.210742148,54.8177045342856,203.604380596128,"A"
11893.77773615,39.1221375990298,186.235220684254,"B"
17022.576692734,55.3969868509255,195.344174705688,"A"
14696.6692569489,49.1211978469435,195.615054117375,"A"
15248.0458211191,50.1948990688856,198.770235031497,"C"
15356.0167165873,53.3395123936277,208.946297190502,"B"
16630.1157045758,57.3592881050854,191.137107386448,"B"
14647.6639410487,45.4697219708298,199.816514095096,"A"
14197.1383114601,45.9872113789546,198.146347866929,"A"
15739.0155221762,51.5830129691337,199.982395479647,"B"
13835.6822532222,44.7449150471437,205.352192157525,"B"
15488.1997799956,51.1427267553188,206.200274900773,"A"
18786.0299321327,54.3218316070607,201.700129322102,"A"
14336.7110809328,46.0361724140591,200.661060662489,"C"
16513.8972351282,51.1985537469139,203.16049711386,"C"
12302.6169805243,48.2383835838452,198.388260599631,"B"
15508.0645773846,51.3268182643303,190.01594237364,"B"
14570.5172363594,44.1603067068029,198.615717791575,"C"
14596.8829888745,47.8683491971759,197.9217983368,"C"
16017.564107536,52.3775507577485,196.425659074132,"A"
19277.0896271779,55.190225571487,201.133277625947,"A"
16731.0862451761,56.553122419359,189.284732884181,"C"
14604.0629644801,45.3046503539164,204.690226900511,"A"
14967.0650077307,49.2987648029515,196.07921979732,"C"
14848.6261550288,49.8775816687975,197.443055625172,"C"
16809.662315813,48.5455404502613,207.543456052893,"B"
13110.8878463187,41.3369657677573,203.131321984232,"C"
15617.6273356418,48.4879249908924,204.135638552524,"A"
13553.5910924023,43.7173870096665,197.921142998919,"B"
16683.5461066321,51.7542732992005,208.616447186882,"C"
13155.9135396127,46.1075442210092,207.478953577876,"C"
12181.9032411332,42.9478235314122,195.373855833537,"B"
15427.8072588525,50.725434494895,202.282092824221,"C"
15984.3850463403,52.5611833137727,202.115851386568,"B"
15574.8869000008,53.1309265942317,195.250284086941,"A"
15667.3158272724,54.7761907611837,202.088115102728,"B"
13960.9915932904,45.1283042469409,193.829235041164,"B"
14806.3850781392,44.5242851380471,207.028164483012,"B"
17265.7805478675,57.7430019341389,197.165339507608,"C"
15362.277455505,49.9754350214241,196.649795334479,"A"
18290.9025429363,58.9352912849515,191.657349756238,"B"
14909.9035832022,48.4787105494089,202.083543946577,"A"
14382.2682223139,41.3549414506174,201.360939311231,"A"
16267.2469626867,50.9156720442894,200.82124243633,"B"
15861.2646971235,49.596281779842,201.597731105023,"A"
16062.8308965827,52.0189309777438,190.577636726405,"A"
14336.1165044365,46.8515846713746,204.435437677798,"B"
17842.7677504172,59.2230816407739,203.690111219087,"B"
16397.3469556539,52.0476261216794,199.753981588254,"C"
15725.2695048409,48.4667423307217,204.799927777128,"C"
16642.5569254808,56.0135682009876,202.446796921611,"B"
20524.2376760241,58.3854457136162,211.781602983446,"C"
12965.6245158435,48.4716378807954,201.223491947648,"B"
15572.2117268355,50.2488236156783,198.943824806001,"C"
13762.2819153009,46.3520216504362,199.472871056754,"B"
13521.4236251493,47.8574941363786,206.172143405028,"A"
16070.8773822378,52.1088244201438,201.883766290635,"B"
16539.8956147197,56.9418744425433,198.716707859355,"B"
14954.1503381497,48.6307247360827,200.004279958518,"A"
15716.4251631193,49.3935024615432,204.228994747635,"B"
18250.638499869,54.6244763719902,207.998644041821,"B"
14859.2651836786,50.0901081463512,201.872776878508,"B"
11380.626947062,33.8463073813329,198.885867051692,"C"
16980.2156851724,57.0059200073248,201.249329777106,"C"
16875.6553482565,50.4331486504187,205.895707740242,"A"
13585.60188046,43.9641797256572,208.502323189322,"B"
14015.8451838063,49.1466024605247,203.910152718998,"C"
17735.1962728749,50.5169806403799,198.850079763969,"C"
13501.6806474435,43.1232467950722,199.55349881423,"B"
16413.0800157788,54.0646778855068,200.247238845443,"A"
11777.1417329488,44.2130790100438,193.680114473298,"A"
12495.4056651882,43.1332062301217,203.067525786724,"B"
14310.3543161731,48.7920424933765,198.745718277359,"B"
16199.6334144788,52.3441948377064,201.779986632331,"A"
14321.0926693823,50.4786672987967,198.247980960495,"B"
15115.5326017518,47.6758315628885,195.000277737294,"B"
12763.1805794099,41.5255707671401,201.042483616757,"C"
19686.5023940551,64.0894819861978,199.385372764688,"C"
15861.8669414673,50.8915465121269,199.798811622229,"B"
16030.3615801049,50.0099252758176,203.872456609733,"B"
17713.8227878026,48.1098384747505,214.460892638027,"A"
13684.3364783208,44.7390875760326,202.847520241627,"C"
15985.8609100665,49.6561214542635,195.037719197316,"A"
17498.0229543138,55.8427710221503,198.305747980421,"B"
17368.9562151641,53.3517479582364,201.005840191422,"B"
15980.9192054659,46.2220725617851,206.47709361012,"B"
16117.1114222024,55.0322118042604,201.905186488984,"B"
17147.1957726103,48.4032618931477,197.599096610694,"C"
14972.0801553383,48.3116293216942,201.237784021484,"A"
15584.754714359,48.2581866902851,203.358116679921,"B"
13621.1020892992,47.6396017023198,193.43910528122,"A"
12990.8369899312,40.8175344628319,202.18154043093,"A"
13941.210100355,39.4116767116936,198.101449004346,"C"
17853.8288169804,58.2500520105142,194.296325420951,"B"
13588.0664696597,49.6096397007733,199.125906698838,"B"
13598.2656988426,47.0866807241778,203.364050967614,"B"
16241.196069628,54.7606447552734,195.650158266967,"B"
16773.1244336158,54.1738149525816,199.909944443243,"B"
15604.2127126503,51.393425224128,198.317277941642,"B"
15054.9200124276,51.3263638508854,199.057494265632,"C"
17520.6750775497,50.8115006492906,202.659059292489,"C"
15370.1520674542,51.2597099871915,188.466854359357,"C"
13664.6114125985,49.2697302048664,199.677578349346,"A"
12231.0883805548,40.1271623573949,197.896062537411,"B"
15945.227798056,50.6719075120122,202.378101626882,"A"
14865.3627458867,45.2792925351118,208.528044456669,"C"
15417.808399799,47.7377564554112,195.497458252343,"B"
12700.7186323252,40.5323935126173,202.706142336331,"B"
14362.043389248,47.6327513134482,198.41686112936,"C"
15906.9252557321,54.1337198884383,203.6163043384,"C"
15508.6347321275,50.9137150255997,196.213161424055,"B"
16208.0944371131,52.773035017163,199.788614584494,"C"
9864.99510996537,41.0729528076154,198.934477681004,"A"
17548.1029207623,57.6098897535306,203.941202057939,"A"
17146.041210315,54.5845788197978,204.902415696583,"A"
16114.5104943993,49.6174465410537,196.640047369466,"C"
14581.3971786324,49.5095856214851,200.349546244781,"C"
15503.511810631,51.6463506495979,195.654319888266,"B"
16241.6964769635,52.7681297789223,202.799252956588,"A"
14684.3430438368,46.3539920049299,192.483954521859,"A"
15680.2839613891,49.9958414383075,194.375472679975,"C"
17028.8075209351,49.8068182482587,212.143373652915,"A"
14844.9125425458,46.5912719531361,199.629006022604,"A"
15810.9788665199,50.7336167714794,202.192800920315,"B"
16805.903012704,50.0856238626537,208.506838831284,"A"
14248.8340617111,46.4772252137681,192.548220961016,"C"
15209.19290458,47.6236608889922,202.99965883107,"B"
15266.0929452563,52.7734299172008,202.680150137345,"C"
16125.3543977129,52.1205120345044,201.186539280785,"C"
15240.1638390465,50.7028988140132,202.46364346307,"B"
19188.6181190181,57.7502773977723,199.508994047231,"B"
19703.305028305,59.8639981024921,202.187844592023,"B"
16806.0334265809,56.5759818940198,200.611612476698,"A"
15250.0016087966,49.09929686204,198.878324430674,"A"
14771.2582931988,49.6267980830709,207.019230758032,"C"
15078.4963799276,48.8445767494207,195.890341406362,"A"
17516.9560844928,52.940470549546,206.91059885188,"C"
19346.7271106413,65.8858074288259,196.688197119707,"B"
16838.7515436758,54.0815560891107,199.788427300329,"B"
14979.711696744,50.6124677158493,189.906346544934,"B"
12946.403053867,40.2194531333703,195.070404930231,"C"
15878.7447092502,54.6180858020173,197.830956669574,"B"
15913.320823557,51.5426455134214,202.161385997177,"B"
14251.4798293202,47.6885824455387,198.110197293374,"C"
14698.3799073689,49.0924114273556,197.664946035468,"B"
13323.131394706,39.9969152893299,195.520687430104,"A"
16054.0942565382,50.5486484485668,199.608557922445,"C"
14623.4765215038,52.9808631395795,199.392135467172,"A"
15800.7410904002,51.5169352710372,197.307204859309,"C"
15542.6943858875,50.4933847373783,193.635738085518,"A"
17753.6135332941,55.4732083456057,207.659388826851,"A"
14593.4602385059,44.5370423844013,198.958986322433,"A"
15162.0697991084,46.7837519752981,197.245068792191,"B"
14339.1861538375,47.553732216031,196.479692183685,"A"
14935.2078657906,50.3460298856935,200.671025005342,"C"
18148.1258461395,54.3494257513114,196.681124645517,"B"
17552.1824138644,54.4057737301736,196.110213006155,"A"
17977.8658214156,54.6885186476236,204.178076167071,"B"
17171.5905794519,57.4126030844121,195.256195779728,"C"
16306.4635330342,52.9214956637524,200.768166415302,"C"
17962.4934870289,54.8902536410965,196.493389121835,"C"
20639.4125665386,58.8161863462981,198.991887533942,"C"
16123.9695431747,45.5469594623613,201.606048271378,"A"
14606.0042803568,47.8745196951561,200.614954935958,"B"
14417.428571946,50.1449987934599,198.027329335843,"C"
12171.7434576474,40.9420552536631,204.698974576291,"C"
14052.8272569823,48.4216550472265,194.584036085695,"B"
16847.3263082087,59.6078325621663,202.892908545013,"C"
13930.615412182,43.8880045764032,202.000965848725,"C"
16408.6186108847,51.4787452777964,197.953782218558,"A"
14281.1816389459,46.4185932770705,199.715439428488,"B"
16624.4660749364,55.8864618680475,188.867092130814,"C"
14855.0822469106,52.9021019040984,198.917978428205,"A"
13857.3999948684,43.7138489986675,200.828449431387,"A"
15722.3579838573,48.378662989679,200.378802985374,"A"
15297.5735843269,47.0919207307635,210.243984266002,"A"
18272.8218265702,58.2182360983641,205.727832586677,"A"
14390.7191727369,49.0503807334673,200.440654432586,"A"
13895.2336072749,45.428021779357,201.740991082155,"C"
16147.1656305682,51.7996478782687,198.670295048025,"C"
16971.4959784987,48.9655141862956,203.028341908288,"A"
17040.4987356603,50.5202327628717,197.697607841604,"B"
15520.4341254337,54.2893484964028,201.463613470301,"C"
13347.3771950846,43.5336045994194,202.239624209856,"A"
13693.8627873789,49.1078455410535,197.030689941578,"C"
15370.8065159753,55.0338417802559,199.041457687547,"A"
